[
{
  "Key" : "Mod_Item_Tooltip",
  "SourceString" : "Mod",
  "Comment" : "Mod Tooltip"
},
{
  "Key" : "Mods_Generic_UnusedSlot",
  "SourceString" : "Empty",
  "Comment" : "Unused mod slot"
},
{
  "Key" : "Mods_Generic_ModTypeWithArgument",
  "SourceString" : "{ModType} Mod",
  "Comment" : "Used to display mod types in mod tooltips"
},
{
  "Key" : "Mods_Tooltip_ModCategoryAndSlotTypeWithArgument",
  "SourceString" : "{ModCategory} Mod | {SlotType}",
  "Comment" : "Used to display a mod category and slot type of mods in tooltips"
},
{
  "Key" : "Mods_Tooltip_IncompatibleMod",
  "SourceString" : "INCOMPATIBLE MOD",
  "Comment" : "Used to show that a mod is not compatible with the current selected item"
},
{
  "Key" : "Mod_Korolev_Scanner_AlienCrystals_Name",
  "SourceString" : "Focus Crystal Scanning Module",
  "Comment" : ""
},
{
  "Key" : "Mod_Korolev_Scanner_AlienCrystals_Description",
  "SourceString" : "Scanners equipped with this Attachment can highlight Focus Crystals and Pure Focus Crystals while scanning.",
  "Comment" : ""
},
{
  "Key" : "Mod_Korolev_Scanner_HeavyMetals_Name",
  "SourceString" : "Titan Ore Scanning Module",
  "Comment" : ""
},
{
  "Key" : "Mod_Korolev_Scanner_HeavyMetals_Description",
  "SourceString" : "Scanners equipped with this Attachment can highlight Titan Ore and Brittle Titan Orewhile scanning.",
  "Comment" : ""
},
{
  "Key" : "Mod_Korolev_Scanner_Veltecite_Name",
  "SourceString" : "Veltecite Scanning Module",
  "Comment" : ""
},
{
  "Key" : "Mod_Korolev_Scanner_Veltecite_Description",
  "SourceString" : "Scanners equipped with this Attachment can highlight Veltecite while scanning.",
  "Comment" : ""
},
{
  "Key" : "Mod_Korolev_Scanner_Oil_Name",
  "SourceString" : "Crude Oil Scanning Module",
  "Comment" : ""
},
{
  "Key" : "Mod_Korolev_Scanner_Oil_Description",
  "SourceString" : "Scanners equipped with this Attachment can highlight active Crude Oil Wells while scanning.",
  "Comment" : ""
},
{
  "Key" : "Mod_Optic_1x_01_Name",
  "SourceString" : "Red Dot Sight",
  "Comment" : ""
},
{
  "Key" : "Mod_Optic_1x_01_Description",
  "SourceString" : "A non-magnifying red dot sight.",
  "Comment" : ""
},
{
  "Key" : "Mod_Optic_1x_02_Name",
  "SourceString" : "Holographic Sight",
  "Comment" : ""
},
{
  "Key" : "Mod_Optic_1x_02_Description",
  "SourceString" : "A non-magnifying Holographic sight.",
  "Comment" : ""
},
{
  "Key" : "Mod_Optic_2x_01_Name",
  "SourceString" : "2x Optic",
  "Comment" : ""
},
{
  "Key" : "Mod_Optic_2x_01_Description",
  "SourceString" : "Optic with 2x Magnification.",
  "Comment" : ""
},
{
  "Key" : "Mod_Optic_4x_01_Name",
  "SourceString" : "4x Optic",
  "Comment" : ""
},
{
  "Key" : "Mod_Optic_4x_01_Description",
  "SourceString" : "Optic with 4x Magnification.",
  "Comment" : ""
},
{
  "Key" : "Mod_Optic_Variable_01_Name",
  "SourceString" : "2 - 4x Variable Optic",
  "Comment" : ""
},
{
  "Key" : "Mod_Optic_Variable_01_Description",
  "SourceString" : "Variable optic that allows to swap between 2x and 4x magnification.",
  "Comment" : ""
},
{
  "Key" : "Mod_Optic_6x_01_Name",
  "SourceString" : "6x Optic",
  "Comment" : ""
},
{
  "Key" : "Mod_Optic_6x_01_Description",
  "SourceString" : "Optic with 6x Magnification.",
  "Comment" : ""
},
{
  "Key" : "Mod_Optic_8x_01_Name",
  "SourceString" : "8x Optic",
  "Comment" : ""
},
{
  "Key" : "Mod_Optic_8x_01_Description",
  "SourceString" : "Optic with 8x Magnification.",
  "Comment" : ""
},
{
  "Key" : "Mod_Magazine_Light_01_Name",
  "SourceString" : "Light Extended",
  "Comment" : ""
},
{
  "Key" : "Mod_Magazine_Light_01_Description",
  "SourceString" : "Increases the capacity of the magazine.",
  "Comment" : ""
},
{
  "Key" : "Mod_Magazine_Light_02_Name",
  "SourceString" : "Light Extended",
  "Comment" : ""
},
{
  "Key" : "Mod_Magazine_Light_02_Description",
  "SourceString" : "Increases the capacity of the magazine.",
  "Comment" : ""
},
{
  "Key" : "Mod_Magazine_Light_03_Name",
  "SourceString" : "Light Extended",
  "Comment" : ""
},
{
  "Key" : "Mod_Magazine_Light_03_Description",
  "SourceString" : "Increases the capacity of the magazine.",
  "Comment" : ""
},
{
  "Key" : "Mod_Magazine_Medium_01_Name",
  "SourceString" : "Medium Extended",
  "Comment" : ""
},
{
  "Key" : "Mod_Magazine_Medium_01_Description",
  "SourceString" : "Increases the capacity of the magazine.",
  "Comment" : ""
},
{
  "Key" : "Mod_Magazine_Medium_02_Name",
  "SourceString" : "Medium Extended",
  "Comment" : ""
},
{
  "Key" : "Mod_Magazine_Medium_02_Description",
  "SourceString" : "Increases the capacity of the magazine.",
  "Comment" : ""
},
{
  "Key" : "Mod_Magazine_Medium_03_Name",
  "SourceString" : "Medium Extended",
  "Comment" : ""
},
{
  "Key" : "Mod_Magazine_Medium_03_Description",
  "SourceString" : "Increases the capacity of the magazine.",
  "Comment" : ""
},
{
  "Key" : "Mod_Magazine_Heavy_01_Name",
  "SourceString" : "Heavy Extended",
  "Comment" : ""
},
{
  "Key" : "Mod_Magazine_Heavy_01_Description",
  "SourceString" : "Increases the capacity of the magazine.",
  "Comment" : ""
},
{
  "Key" : "Mod_Magazine_Heavy_02_Name",
  "SourceString" : "Heavy Extended",
  "Comment" : ""
},
{
  "Key" : "Mod_Magazine_Heavy_02_Description",
  "SourceString" : "Increases the capacity of the magazine.",
  "Comment" : ""
},
{
  "Key" : "Mod_Magazine_Heavy_03_Name",
  "SourceString" : "Heavy Extended",
  "Comment" : ""
},
{
  "Key" : "Mod_Magazine_Heavy_03_Description",
  "SourceString" : "Increases the capacity of the magazine.",
  "Comment" : ""
},
{
  "Key" : "Mod_Magazine_Shotgun_01_Name",
  "SourceString" : "Shotgun Extended",
  "Comment" : ""
},
{
  "Key" : "Mod_Magazine_Shotgun_01_Description",
  "SourceString" : "Increases the capacity of the magazine.",
  "Comment" : ""
},
{
  "Key" : "Mod_Magazine_Shotgun_02_Name",
  "SourceString" : "Shotgun Extended",
  "Comment" : ""
},
{
  "Key" : "Mod_Magazine_Shotgun_02_Description",
  "SourceString" : "Increases the capacity of the magazine.",
  "Comment" : ""
},
{
  "Key" : "Mod_Magazine_Shotgun_03_Name",
  "SourceString" : "Shotgun Extended",
  "Comment" : ""
},
{
  "Key" : "Mod_Magazine_Shotgun_03_Description",
  "SourceString" : "Increases the capacity of the magazine.",
  "Comment" : ""
},
{
  "Key" : "Mod_Stock_Standard_01_Name",
  "SourceString" : "Standard Stock",
  "Comment" : ""
},
{
  "Key" : "Mod_Stock_Standard_01_Description",
  "SourceString" : "Reduces the recoil when firing.",
  "Comment" : ""
},
{
  "Key" : "Mod_Stock_Marksman_01_Name",
  "SourceString" : "Marksman Stock",
  "Comment" : ""
},
{
  "Key" : "Mod_Stock_Marksman_01_Description",
  "SourceString" : "Reduces the received kick from recoil.",
  "Comment" : ""
},
{
  "Key" : "Mod_Muzzle_Small_Supressor_01_Name",
  "SourceString" : "Small Suppressor",
  "Comment" : ""
},
{
  "Key" : "Mod_Muzzle_Small_Supressor_01_Description",
  "SourceString" : "Supresses the produced sound when firing.",
  "Comment" : ""
},
{
  "Key" : "Mod_Muzzle_Standard_Supressor_01_Name",
  "SourceString" : "Medium Suppressor",
  "Comment" : ""
},
{
  "Key" : "Mod_Muzzle_Standard_Supressor_01_Description",
  "SourceString" : "Supresses the produced sound when firing.",
  "Comment" : ""
},
{
  "Key" : "Mod_Converter_Light_01_Name",
  "SourceString" : "Light Converter",
  "Comment" : ""
},
{
  "Key" : "Mod_Converter_Light_01_Description",
  "SourceString" : "Projectile penetration increase.",
  "Comment" : ""
},
{
  "Key" : "Mod_Converter_Medium_01_Name",
  "SourceString" : "Medium Converter",
  "Comment" : ""
},
{
  "Key" : "Mod_Converter_Medium_01_Description",
  "SourceString" : "Projectile penetration increase.",
  "Comment" : ""
},
{
  "Key" : "Mod_Converter_Heavy_01_Name",
  "SourceString" : "Heavy Converter",
  "Comment" : ""
},
{
  "Key" : "Mod_Converter_Heavy_01_Description",
  "SourceString" : "Projectile penetration increase.",
  "Comment" : ""
},
{
  "Key" : "Mod_Converter_Shotgun_01_Name",
  "SourceString" : "Shotgun Converter",
  "Comment" : ""
},
{
  "Key" : "Mod_Converter_Shotgun_01_Description",
  "SourceString" : "Projectile penetration increase.",
  "Comment" : ""
},
{
  "Key" : "Mod_ForeGrip_Angled_01_Name",
  "SourceString" : "Angled Foregrip",
  "Comment" : ""
},
{
  "Key" : "Mod_ForeGrip_Angled_01_Description",
  "SourceString" : "Reduces the recoil when firing.",
  "Comment" : ""
},
{
  "Key" : "Mod_RearGrip_01_Name",
  "SourceString" : "Ergonomic Grip",
  "Comment" : ""
},
{
  "Key" : "Mod_RearGrip_01_Description",
  "SourceString" : "Improves a weapons time to equip.",
  "Comment" : ""
},
{
  "Key" : "Mod_Tactical_Flashlight_01_Name",
  "SourceString" : "Tactical Light",
  "Comment" : ""
},
{
  "Key" : "Mod_Tactical_Flashlight_01_Description",
  "SourceString" : "A mounted flashlight that can be toggled on and off.",
  "Comment" : ""
},
{
  "Key" : "Mod_Magazine_Light_ReloadSpeed_04_Name",
  "SourceString" : "Light Quickdraw",
  "Comment" : ""
},
{
  "Key" : "Mod_Magazine_Light_ReloadSpeed_04_Description",
  "SourceString" : "Reduces the time to reload.",
  "Comment" : ""
},
{
  "Key" : "Mod_Magazine_Light_ReloadSpeed_03_Name",
  "SourceString" : "Light Quickdraw",
  "Comment" : ""
},
{
  "Key" : "Mod_Magazine_Light_ReloadSpeed_03_Description",
  "SourceString" : "Reduces the time to reload.",
  "Comment" : ""
},
{
  "Key" : "Mod_Magazine_Light_ReloadSpeed_02_Name",
  "SourceString" : "Light Quickdraw",
  "Comment" : ""
},
{
  "Key" : "Mod_Magazine_Light_ReloadSpeed_02_Description",
  "SourceString" : "Reduces the time to reload.",
  "Comment" : ""
},
{
  "Key" : "Mod_Magazine_Light_ReloadSpeed_01_Name",
  "SourceString" : "Light Quickdraw",
  "Comment" : ""
},
{
  "Key" : "Mod_Magazine_Light_ReloadSpeed_01_Description",
  "SourceString" : "Reduces the time to reload.",
  "Comment" : ""
},
{
  "Key" : "Mod_Magazine_Medium_Reloadspeed_04_Name",
  "SourceString" : "Medium Quickdraw",
  "Comment" : ""
},
{
  "Key" : "Mod_Magazine_Medium_Reloadspeed_04_Description",
  "SourceString" : "Reduces the time to reload.",
  "Comment" : ""
},
{
  "Key" : "Mod_Magazine_Medium_Reloadspeed_03_Name",
  "SourceString" : "Medium Quickdraw",
  "Comment" : ""
},
{
  "Key" : "Mod_Magazine_Medium_Reloadspeed_03_Description",
  "SourceString" : "Reduces the time to reload.",
  "Comment" : ""
},
{
  "Key" : "Mod_Magazine_Medium_Reloadspeed_02_Name",
  "SourceString" : "Medium Quickdraw",
  "Comment" : ""
},
{
  "Key" : "Mod_Magazine_Medium_Reloadspeed_02_Description",
  "SourceString" : "Reduces the time to reload.",
  "Comment" : ""
},
{
  "Key" : "Mod_Magazine_Medium_Reloadspeed_01_Name",
  "SourceString" : "Medium Quickdraw",
  "Comment" : ""
},
{
  "Key" : "Mod_Magazine_Medium_Reloadspeed_01_Description",
  "SourceString" : "Reduces the time to reload.",
  "Comment" : ""
},
{
  "Key" : "Mod_Magazine_Heavy_ReloadSpeed_04_Name",
  "SourceString" : "Heavy Quickdraw",
  "Comment" : ""
},
{
  "Key" : "Mod_Magazine_Heavy_ReloadSpeed_04_Description",
  "SourceString" : "Reduces the time to reload.",
  "Comment" : ""
},
{
  "Key" : "Mod_Magazine_Heavy_ReloadSpeed_03_Name",
  "SourceString" : "Heavy Quickdraw",
  "Comment" : ""
},
{
  "Key" : "Mod_Magazine_Heavy_ReloadSpeed_03_Description",
  "SourceString" : "Reduces the time to reload.",
  "Comment" : ""
},
{
  "Key" : "Mod_Magazine_Heavy_ReloadSpeed_02_Name",
  "SourceString" : "Heavy Quickdraw",
  "Comment" : ""
},
{
  "Key" : "Mod_Magazine_Heavy_ReloadSpeed_02_Description",
  "SourceString" : "Reduces the time to reload.",
  "Comment" : ""
},
{
  "Key" : "Mod_Magazine_Heavy_ReloadSpeed_01_Name",
  "SourceString" : "Heavy Quickdraw",
  "Comment" : ""
},
{
  "Key" : "Mod_Magazine_Heavy_ReloadSpeed_01_Description",
  "SourceString" : "Reduces the time to reload.",
  "Comment" : ""
},
{
  "Key" : "Mod_Magazine_Shotgun_ReloadSpeed_04_Name",
  "SourceString" : "Shotgun Quickdraw",
  "Comment" : ""
},
{
  "Key" : "Mod_Magazine_Shotgun_ReloadSpeed_04_Description",
  "SourceString" : "Reduces the time to reload.",
  "Comment" : ""
},
{
  "Key" : "Mod_Magazine_Shotgun_ReloadSpeed_03_Name",
  "SourceString" : "Shotgun Quickdraw",
  "Comment" : ""
},
{
  "Key" : "Mod_Magazine_Shotgun_ReloadSpeed_03_Description",
  "SourceString" : "Reduces the time to reload.",
  "Comment" : ""
},
{
  "Key" : "Mod_Magazine_Shotgun_ReloadSpeed_02_Name",
  "SourceString" : "Shotgun Quickdraw",
  "Comment" : ""
},
{
  "Key" : "Mod_Magazine_Shotgun_ReloadSpeed_02_Description",
  "SourceString" : "Reduces the time to reload.",
  "Comment" : ""
},
{
  "Key" : "Mod_Magazine_Shotgun_ReloadSpeed_01_Name",
  "SourceString" : "Shotgun Quickdraw",
  "Comment" : ""
},
{
  "Key" : "Mod_Magazine_Shotgun_ReloadSpeed_01_Description",
  "SourceString" : "Reduces the time to reload.",
  "Comment" : ""
},
{
  "Key" : "Mod_Magazine_Light_EXTReload_02_Name",
  "SourceString" : "Light Extended Quickdraw",
  "Comment" : ""
},
{
  "Key" : "Mod_Magazine_Light_EXTReload_02_Description",
  "SourceString" : "Capacity and reload speed increase.",
  "Comment" : ""
},
{
  "Key" : "Mod_Magazine_Light_EXTReload_01_Name",
  "SourceString" : "Light Extended Quickdraw",
  "Comment" : ""
},
{
  "Key" : "Mod_Magazine_Light_EXTReload_01_Description",
  "SourceString" : "Capacity and reload speed increase.",
  "Comment" : ""
},
{
  "Key" : "Mod_Magazine_Medium_EXTReload_02_Name",
  "SourceString" : "Medium Extended Quickdraw",
  "Comment" : ""
},
{
  "Key" : "Mod_Magazine_Medium_EXTReload_02_Description",
  "SourceString" : "Capacity and reload speed increase.",
  "Comment" : ""
},
{
  "Key" : "Mod_Magazine_Medium_EXTReload_01_Name",
  "SourceString" : "Medium Extended Quickdraw",
  "Comment" : ""
},
{
  "Key" : "Mod_Magazine_Medium_EXTReload_01_Description",
  "SourceString" : "Capacity and reload speed increase.",
  "Comment" : ""
},
{
  "Key" : "Mod_Stock_Standard_02_Name",
  "SourceString" : "Standard Stock",
  "Comment" : ""
},
{
  "Key" : "Mod_Stock_Standard_02_Description",
  "SourceString" : "Reduces the recoil when firing.",
  "Comment" : ""
},
{
  "Key" : "Mod_Stock_Standard_Equip_02_Name",
  "SourceString" : "Quickdraw Stock",
  "Comment" : ""
},
{
  "Key" : "Mod_Stock_Standard_Equip_02_Description",
  "SourceString" : "Improves a weapons time to equip.",
  "Comment" : ""
},
{
  "Key" : "Mod_Stock_Standard_Equip_01_Name",
  "SourceString" : "Quickdraw Stock",
  "Comment" : ""
},
{
  "Key" : "Mod_Stock_Standard_Equip_01_Description",
  "SourceString" : "Improves a weapons time to equip.",
  "Comment" : ""
},
{
  "Key" : "Mod_Stock_Standard_ADS_02_Name",
  "SourceString" : "Tactical Stock",
  "Comment" : ""
},
{
  "Key" : "Mod_Stock_Standard_ADS_02_Description",
  "SourceString" : "Reduces the time to aim down the sight.",
  "Comment" : ""
},
{
  "Key" : "Mod_Stock_Standard_ADS_01_Name",
  "SourceString" : "Tactical Stock",
  "Comment" : ""
},
{
  "Key" : "Mod_Stock_Standard_ADS_01_Description",
  "SourceString" : "Reduces the time to aim down the sight.",
  "Comment" : ""
},
{
  "Key" : "Mod_Stock_Standard_ADSEquip_02_Name",
  "SourceString" : "Ultralight Stock",
  "Comment" : ""
},
{
  "Key" : "Mod_Stock_Standard_ADSEquip_02_Description",
  "SourceString" : "Reduces the time to equip and aim down the sight.",
  "Comment" : ""
},
{
  "Key" : "Mod_Stock_Standard_ADSEquip_01_Name",
  "SourceString" : "Ultralight Stock",
  "Comment" : ""
},
{
  "Key" : "Mod_Stock_Standard_ADSEquip_01_Description",
  "SourceString" : "Reduces the time to equip and aim down the sight.",
  "Comment" : ""
},
{
  "Key" : "Mod_Stock_Marksman_02_Name",
  "SourceString" : "Marksman Stock",
  "Comment" : ""
},
{
  "Key" : "Mod_Stock_Marksman_02_Description",
  "SourceString" : "Reduces the received kick from recoil.",
  "Comment" : ""
},
{
  "Key" : "Mod_Stock_Marksman_Equip_02_Name",
  "SourceString" : "MKM Quickdraw Stock",
  "Comment" : ""
},
{
  "Key" : "Mod_Stock_Marksman_Equip_02_Description",
  "SourceString" : "Improves a weapons time to equip.",
  "Comment" : ""
},
{
  "Key" : "Mod_Stock_Marksman_Equip_01_Name",
  "SourceString" : "MKM Quickdraw Stock",
  "Comment" : ""
},
{
  "Key" : "Mod_Stock_Marksman_Equip_01_Description",
  "SourceString" : "Improves a weapons time to equip.",
  "Comment" : ""
},
{
  "Key" : "Mod_Stock_Marksman_ADS_02_Name",
  "SourceString" : "MKM Tactical Stock",
  "Comment" : ""
},
{
  "Key" : "Mod_Stock_Marksman_ADS_02_Description",
  "SourceString" : "Reduces the time to aim down the sight.",
  "Comment" : ""
},
{
  "Key" : "Mod_Stock_Marksman_ADS_01_Name",
  "SourceString" : "MKM Tactical Stock",
  "Comment" : ""
},
{
  "Key" : "Mod_Stock_Marksman_ADS_01_Description",
  "SourceString" : "Reduces the time to aim down the sight.",
  "Comment" : ""
},
{
  "Key" : "Mod_Stock_Marksman_ADSEquip_02_Name",
  "SourceString" : "MKM Ultralight Stock",
  "Comment" : ""
},
{
  "Key" : "Mod_Stock_Marksman_ADSEquip_02_Description",
  "SourceString" : "Reduces the time to equip and aim down the sight.",
  "Comment" : ""
},
{
  "Key" : "Mod_Stock_Marksman_ADSEquip_01_Name",
  "SourceString" : "MKM Ultralight Stock",
  "Comment" : ""
},
{
  "Key" : "Mod_Stock_Marksman_ADSEquip_01_Description",
  "SourceString" : "Reduces the time to equip and aim down the sight.",
  "Comment" : ""
},
{
  "Key" : "Mod_Muzzle_Small_Recoil_03_Name",
  "SourceString" : "Small Muzzle Brake",
  "Comment" : ""
},
{
  "Key" : "Mod_Muzzle_Small_Recoil_03_Description",
  "SourceString" : "Reduces the recoil when firing.",
  "Comment" : ""
},
{
  "Key" : "Mod_Muzzle_Small_Recoil_02_Name",
  "SourceString" : "Small Muzzle Brake",
  "Comment" : ""
},
{
  "Key" : "Mod_Muzzle_Small_Recoil_02_Description",
  "SourceString" : "Reduces the recoil when firing.",
  "Comment" : ""
},
{
  "Key" : "Mod_Muzzle_Small_Recoil_01_Name",
  "SourceString" : "Small Muzzle Brake",
  "Comment" : ""
},
{
  "Key" : "Mod_Muzzle_Small_Recoil_01_Description",
  "SourceString" : "Reduces the recoil when firing.",
  "Comment" : ""
},
{
  "Key" : "Mod_Muzzle_Standard_Recoil_03_Name",
  "SourceString" : "Medium Muzzle Brake",
  "Comment" : ""
},
{
  "Key" : "Mod_Muzzle_Standard_Recoil_03_Description",
  "SourceString" : "Reduces the recoil when firing.",
  "Comment" : ""
},
{
  "Key" : "Mod_Muzzle_Standard_Recoil_02_Name",
  "SourceString" : "Medium Muzzle Brake",
  "Comment" : ""
},
{
  "Key" : "Mod_Muzzle_Standard_Recoil_02_Description",
  "SourceString" : "Reduces the recoil when firing.",
  "Comment" : ""
},
{
  "Key" : "Mod_Muzzle_Standard_Recoil_01_Name",
  "SourceString" : "Medium Muzzle Brake",
  "Comment" : ""
},
{
  "Key" : "Mod_Muzzle_Standard_Recoil_01_Description",
  "SourceString" : "Reduces the recoil when firing.",
  "Comment" : ""
},
{
  "Key" : "Mod_Converter_Light_03_Name",
  "SourceString" : "Light Converter",
  "Comment" : ""
},
{
  "Key" : "Mod_Converter_Light_03_Description",
  "SourceString" : "Projectile penetration increase.",
  "Comment" : ""
},
{
  "Key" : "Mod_Converter_Light_02_Name",
  "SourceString" : "Light Converter",
  "Comment" : ""
},
{
  "Key" : "Mod_Converter_Light_02_Description",
  "SourceString" : "Projectile penetration increase.",
  "Comment" : ""
},
{
  "Key" : "Mod_Converter_Medium_03_Name",
  "SourceString" : "Medium Converter",
  "Comment" : ""
},
{
  "Key" : "Mod_Converter_Medium_03_Description",
  "SourceString" : "Projectile penetration increase.",
  "Comment" : ""
},
{
  "Key" : "Mod_Converter_Medium_02_Name",
  "SourceString" : "Medium Converter",
  "Comment" : ""
},
{
  "Key" : "Mod_Converter_Medium_02_Description",
  "SourceString" : "Projectile penetration increase.",
  "Comment" : ""
},
{
  "Key" : "Mod_Converter_Heavy_03_Name",
  "SourceString" : "Heavy Converter",
  "Comment" : ""
},
{
  "Key" : "Mod_Converter_Heavy_03_Description",
  "SourceString" : "Projectile penetration increase.",
  "Comment" : ""
},
{
  "Key" : "Mod_Converter_Heavy_02_Name",
  "SourceString" : "Heavy Converter",
  "Comment" : ""
},
{
  "Key" : "Mod_Converter_Heavy_02_Description",
  "SourceString" : "Projectile penetration increase.",
  "Comment" : ""
},
{
  "Key" : "Mod_Converter_Shotgun_03_Name",
  "SourceString" : "Shotgun Converter",
  "Comment" : ""
},
{
  "Key" : "Mod_Converter_Shotgun_03_Description",
  "SourceString" : "Projectile penetration increase.",
  "Comment" : ""
},
{
  "Key" : "Mod_Converter_Shotgun_02_Name",
  "SourceString" : "Shotgun Converter",
  "Comment" : ""
},
{
  "Key" : "Mod_Converter_Shotgun_02_Description",
  "SourceString" : "Projectile penetration increase.",
  "Comment" : ""
},
{
  "Key" : "Mod_Converter_Light_AIDMG_03_Name",
  "SourceString" : "Light Creature Dmg",
  "Comment" : ""
},
{
  "Key" : "Mod_Converter_Light_AIDMG_03_Description",
  "SourceString" : "Increased damage towards creatures.",
  "Comment" : ""
},
{
  "Key" : "Mod_Converter_Light_AIDMG_02_Name",
  "SourceString" : "Light Creature Dmg",
  "Comment" : ""
},
{
  "Key" : "Mod_Converter_Light_AIDMG_02_Description",
  "SourceString" : "Increased damage towards creatures.",
  "Comment" : ""
},
{
  "Key" : "Mod_Converter_Light_AIDMG_01_Name",
  "SourceString" : "Light Creature Dmg",
  "Comment" : ""
},
{
  "Key" : "Mod_Converter_Light_AIDMG_01_Description",
  "SourceString" : "Increased damage towards creatures.",
  "Comment" : ""
},
{
  "Key" : "Mod_Converter_Medium_AIDMG_03_Name",
  "SourceString" : "Medium Creature Dmg",
  "Comment" : ""
},
{
  "Key" : "Mod_Converter_Medium_AIDMG_03_Description",
  "SourceString" : "Increased damage towards creatures.",
  "Comment" : ""
},
{
  "Key" : "Mod_Converter_Medium_AIDMG_02_Name",
  "SourceString" : "Medium Creature Dmg",
  "Comment" : ""
},
{
  "Key" : "Mod_Converter_Medium_AIDMG_02_Description",
  "SourceString" : "Increased damage towards creatures.",
  "Comment" : ""
},
{
  "Key" : "Mod_Converter_Medium_AIDMG_01_Name",
  "SourceString" : "Medium Creature Dmg",
  "Comment" : ""
},
{
  "Key" : "Mod_Converter_Medium_AIDMG_01_Description",
  "SourceString" : "Increased damage towards creatures.",
  "Comment" : ""
},
{
  "Key" : "Mod_Converter_Shotgun_Slug_03_Name",
  "SourceString" : "Shotgun Slugs",
  "Comment" : ""
},
{
  "Key" : "Mod_Converter_Shotgun_Slug_03_Description",
  "SourceString" : "Fires a single projectile improving the effective range.",
  "Comment" : ""
},
{
  "Key" : "Mod_Converter_Shotgun_Slug_02_Name",
  "SourceString" : "Shotgun Slugs",
  "Comment" : ""
},
{
  "Key" : "Mod_Converter_Shotgun_Slug_02_Description",
  "SourceString" : "Fires a single projectile improving the effective range.",
  "Comment" : ""
},
{
  "Key" : "Mod_Converter_Shotgun_Slug_01_Name",
  "SourceString" : "Shotgun Slugs",
  "Comment" : ""
},
{
  "Key" : "Mod_Converter_Shotgun_Slug_01_Description",
  "SourceString" : "Fires a single projectile improving the effective range.",
  "Comment" : ""
},
{
  "Key" : "Mod_ForeGrip_Angled_02_Name",
  "SourceString" : "Angled Foregrip",
  "Comment" : ""
},
{
  "Key" : "Mod_ForeGrip_Angled_02_Description",
  "SourceString" : "Reduces the recoil when firing.",
  "Comment" : ""
},
{
  "Key" : "Mod_ForeGrip_Equip_02_Name",
  "SourceString" : "Quickdraw Foregrip",
  "Comment" : ""
},
{
  "Key" : "Mod_ForeGrip_Equip_02_Description",
  "SourceString" : "Improves a weapons time to equip.",
  "Comment" : ""
},
{
  "Key" : "Mod_ForeGrip_Equip_01_Name",
  "SourceString" : "Quickdraw Foregrip",
  "Comment" : ""
},
{
  "Key" : "Mod_ForeGrip_Equip_01_Description",
  "SourceString" : "Improves a weapons time to equip.",
  "Comment" : ""
},
{
  "Key" : "Mod_ForeGrip_ADS_03_Name",
  "SourceString" : "Tactical Foregrip",
  "Comment" : ""
},
{
  "Key" : "Mod_ForeGrip_ADS_03_Description",
  "SourceString" : "Reduces the time to aim down the sight.",
  "Comment" : ""
},
{
  "Key" : "Mod_ForeGrip_ADS_02_Name",
  "SourceString" : "Tactical Foregrip",
  "Comment" : ""
},
{
  "Key" : "Mod_ForeGrip_ADS_02_Description",
  "SourceString" : "Reduces the time to aim down the sight.",
  "Comment" : ""
},
{
  "Key" : "Mod_ForeGrip_ADS_01_Name",
  "SourceString" : "Tactical Foregrip",
  "Comment" : ""
},
{
  "Key" : "Mod_ForeGrip_ADS_01_Description",
  "SourceString" : "Reduces the time to aim down the sight.",
  "Comment" : ""
},
{
  "Key" : "Mod_RearGrip_02_Name",
  "SourceString" : "Ergonomic Grip",
  "Comment" : ""
},
{
  "Key" : "Mod_RearGrip_02_Description",
  "SourceString" : "Improves a weapons time to equip.",
  "Comment" : ""
},
{
  "Key" : "Mod_RearGrip_ADS_02_Name",
  "SourceString" : "Tactical Rear Grip",
  "Comment" : ""
},
{
  "Key" : "Mod_RearGrip_ADS_02_Description",
  "SourceString" : "Reduces the time to aim down the sight.",
  "Comment" : ""
},
{
  "Key" : "Mod_RearGrip_ADS_01_Name",
  "SourceString" : "Tactical Rear Grip",
  "Comment" : ""
},
{
  "Key" : "Mod_RearGrip_ADS_01_Description",
  "SourceString" : "Reduces the time to aim down the sight.",
  "Comment" : ""
}]
